iso3c,country_wdi,population_2023,population_2000
AFE,Africa Eastern and Southern,750491370,406156661
AFW,Africa Western and Central,509398589,274968446
ARB,Arab World,482105978,286548096
CSS,Caribbean small states,4519904,3956229
CEB,Central Europe and the Baltics,100183707,108447824
EAR,Early-demographic dividend,3511607650,2509431470
EAS,East Asia & Pacific,2384441485,2050149617
EAP,East Asia & Pacific (excluding high income),2137527754,1819011507
TEA,East Asia & Pacific (IDA & IBRD countries),2111139152,1795374943
EMU,Euro area,349762722,325789631
ECS,Europe & Central Asia,924773523,865392479
ECA,Europe & Central Asia (excluding high income),248721385,218486598
TEC,Europe & Central Asia (IDA & IBRD countries),458602212,438423541
EUU,European Union,448897545,429339162
FCS,Fragile and conflict affected situations,1057033168,621080692
HPC,Heavily indebted poor countries (HIPC),917304254,481984327
,High income,1408190184,1255696330
IBD,IBRD only,4952212190,3983328255
IBT,IDA & IBRD total,6858521511,5116723507
IDB,IDA blend,664395892,394129957
IDX,IDA only,1241913429,739265295
IDA,IDA total,1906309321,1133395252
LTE,Late-demographic dividend,2326296729,2043581322
LCN,Latin America & Caribbean,657616517,520272118
LAC,Latin America & Caribbean (excluding high income),589889543,462953688
TLA,Latin America & the Caribbean (IDA & IBRD countries),642397939,504556065
LDC,Least developed countries: UN classification,1160824674,673630102
LMY,Low & middle income,6498875200,4814250279
,Low income,607774703,322668237
,Lower middle income,3082002881,2126559759
MEA,"Middle East, North Africa, Afghanistan & Pakistan",797801454,494850317
MNA,"Middle East, North Africa, Afghanistan & Pakistan (excluding high income)",729077445,462980522
TMN,"Middle East, North Africa, Afghanistan & Pakistan (IDA & IBRD)",723911670,460058369
MIC,Middle income,5891100497,4491582042
NAC,North America,376954413,312909691
,Not classified,NA,NA
OED,OECD members,1387897706,1202226474
OSS,Other small states,12822134,9788238
PSS,Pacific island small states,2689224,2042274
PST,Post-demographic dividend,1121315547,1021150563
PRE,Pre-demographic dividend,1078224044,562428025
SST,Small states,20031262,15786741
SAS,South Asia,1662580579,1237185482
TSA,South Asia (IDA & IBRD),1662580579,1237185482
SSF,Sub-Saharan Africa,1259889959,681125107
SSA,Sub-Saharan Africa (excluding high income),1131078494,613632482
TSS,Sub-Saharan Africa (IDA & IBRD countries),1259889959,681125107
,Upper middle income,2809097616,2365022283
WLD,World,8064057930,6161884811
AFG,Afghanistan,41454761,20130327
ALB,Albania,2414095,3089027
DZA,Algeria,46164219,30903893
ASM,American Samoa,47521,56855
AND,Andorra,80856,65685
AGO,Angola,36749906,16194869
ATG,Antigua and Barbuda,93316,74912
ARG,Argentina,45538401,37213984
ARM,Armenia,2964300,3221100
ABW,Aruba,107359,90588
AUS,Australia,26659922,19028802
AUT,Austria,9131761,8011566
AZE,Azerbaijan,10153958,8048600
BHS,"Bahamas, The",399440,323835
BHR,Bahrain,1577059,637582
BGD,Bangladesh,171466990,134544304
BRB,Barbados,282336,262063
BLR,Belarus,9178298,9979610
BEL,Belgium,11779946,10251250
BLZ,Belize,411106,240799
BEN,Benin,14111034,7221619
BMU,Bermuda,64698,61550
BTN,Bhutan,786385,596863
BOL,Bolivia,12244159,8606326
BIH,Bosnia and Herzegovina,3185073,4159771
BWA,Botswana,2480244,1677382
BRA,Brazil,211140729,174018282
VGB,British Virgin Islands,38985,20241
BRN,Brunei Darussalam,458949,326424
BGR,Bulgaria,6446596,8170172
BFA,Burkina Faso,23025776,11925546
BDI,Burundi,13689450,6470194
CPV,Cabo Verde,522331,453317
KHM,Cambodia,17423880,12462336
CMR,Cameroon,28372687,14912631
CAN,Canada,40083484,30685730
CYM,Cayman Islands,73038,39674
CAF,Central African Republic,5152421,3833416
TCD,Chad,19319064,8512093
CHI,Channel Islands,167691,148110
CHL,Chile,19658835,15503635
CHN,China,1410710000,1262645000
COL,Colombia,52321152,39089934
COM,Comoros,850387,536080
COD,"Congo, Dem. Rep.",105789731,50507442
COG,"Congo, Rep.",6182885,3151345
CRI,Costa Rica,5105525,3937739
CIV,Cote d'Ivoire,31165654,17699004
HRV,Croatia,3859686,4468302
CUB,Cuba,11019931,11109109
CUW,Curacao,154654,133860
CYP,Cyprus,1344976,947667
CZE,Czechia,10864042,10255063
DNK,Denmark,5946952,5339616
DJI,Djibouti,1152944,747318
DMA,Dominica,66510,68511
DOM,Dominican Republic,11331265,8584190
ECU,Ecuador,17980083,12689206
EGY,"Egypt, Arab Rep.",114535772,73083284
SLV,El Salvador,6309624,5943366
GNQ,Equatorial Guinea,1847549,703279
ERI,Eritrea,3470390,2247031
EST,Estonia,1370286,1396985
SWZ,Eswatini,1230506,1041414
ETH,Ethiopia,128691692,67411494
FRO,Faroe Islands,54414,45754
FJI,Fiji,924145,840909
FIN,Finland,5583911,5176209
FRA,France,68372286,60918661
PYF,French Polynesia,281118,240337
GAB,Gabon,2484789,1275572
GMB,"Gambia, The",2697845,1455084
GEO,Georgia,3715483,4077131
DEU,Germany,83287273,82211508
GHA,Ghana,33787914,19637087
GIB,Gibraltar,38471,27709
GRC,Greece,10407351,10805808
GRL,Greenland,56865,56185
GRD,Grenada,117081,107451
GUM,Guam,166506,160065
GTM,Guatemala,18124838,11697592
GIN,Guinea,14405468,8428832
GNB,Guinea-Bissau,2153339,1234741
GUY,Guyana,826353,764832
HTI,Haiti,11637398,8303151
HND,Honduras,10644851,6577773
HKG,"Hong Kong SAR, China",7536100,6665000
HUN,Hungary,9592186,10210971
ISL,Iceland,385663,281205
IND,India,1438069596,1057922733
IDN,Indonesia,281190067,216077790
IRN,"Iran, Islamic Rep.",90608707,66418659
IRQ,Iraq,45074049,24424056
IRL,Ireland,5311538,3805174
IMN,Isle of Man,84165,75659
ISR,Israel,9849000,6289000
ITA,Italy,58984216,56942108
JAM,Jamaica,2839786,2607826
JPN,Japan,124516650,126843000
JOR,Jordan,11439213,5386945
KAZ,Kazakhstan,20330104,15501103
KEN,Kenya,55339003,30642890
KIR,Kiribati,132530,88613
PRK,"Korea, Dem. People's Rep.",26418204,23665910
KOR,"Korea, Rep.",51712619,47008111
XKX,Kosovo,1682668,1802493
KWT,Kuwait,4853420,1954709
KGZ,Kyrgyz Republic,7099750,4898362
LAO,Lao PDR,7664993,5431212
LVA,Latvia,1883710,2367550
LBN,Lebanon,5773493,4329340
LSO,Lesotho,2311472,2003913
LBR,Liberia,5493031,2928117
LBY,Libya,7305659,5305021
LIE,Liechtenstein,39846,32645
LTU,Lithuania,2871585,3499536
LUX,Luxembourg,666430,436300
MAC,"Macao SAR, China",678800,430600
MDG,Madagascar,31195932,16516338
MWI,Malawi,21104482,11315942
MYS,Malaysia,35126298,22967816
MDV,Maldives,525994,282019
MLI,Mali,23769127,11559290
MLT,Malta,552747,390087
MHL,Marshall Islands,38827,50706
MRT,Mauritania,5022441,2613441
MUS,Mauritius,1248647,1186873
MEX,Mexico,129739759,98625552
FSM,"Micronesia, Fed. Sts.",112630,112044
MDA,Moldova,2457783,2924668
MCO,Monaco,38956,32455
MNG,Mongolia,3481145,2388299
MNE,Montenegro,623529,604950
MAR,Morocco,37712505,28423435
MOZ,Mozambique,33635160,18129653
MMR,Myanmar,54133798,45290841
NAM,Namibia,2963095,1818647
NRU,Nauru,11875,10168
NPL,Nepal,29694614,24546509
NLD,Netherlands,17877117,15925513
NCL,New Caledonia,289870,223098
NZL,New Zealand,5200000,3857700
NIC,Nicaragua,6823613,5022633
NER,Niger,26159867,11509630
NGA,Nigeria,227882945,126382494
MKD,North Macedonia,1827816,2026350
MNP,Northern Mariana Islands,45143,68356
NOR,Norway,5519601,4490967
OMN,Oman,5049269,2282131
PAK,Pakistan,247504495,154879127
PLW,Palau,17727,19178
PAN,Panama,4458759,3010369
PNG,Papua New Guinea,10389635,5537064
PRY,Paraguay,6844146,5100868
PER,Peru,33845617,26598331
PHL,Philippines,114891199,79625397
POL,Poland,36687353,38258629
PRT,Portugal,10578174,10289898
PRI,Puerto Rico (US),3203792,3810605
QAT,Qatar,2656032,644989
ROU,Romania,19061062,22442971
RUS,Russian Federation,143826130,146596869
RWA,Rwanda,13954471,8213931
WSM,Samoa,216663,181685
SMR,San Marino,33860,26799
STP,Sao Tome and Principe,230871,144018
SAU,Saudi Arabia,33702731,16177722
SEN,Senegal,18077573,9968260
SRB,Serbia,6623183,7516346
SYC,Seychelles,119773,81131
SLE,Sierra Leone,8460512,4423611
SGP,Singapore,5917648,4027887
SXM,Sint Maarten (Dutch part),42749,30773
SVK,Slovak Republic,5426740,5388720
SVN,Slovenia,2120461,1988925
SLB,Solomon Islands,800005,440469
SOM,"Somalia, Fed. Rep.",18358615,8838713
ZAF,South Africa,63212384,47159719
SSD,South Sudan,11483374,6032267
ESP,Spain,48352528,40567864
LKA,Sri Lanka,22037000,19293054
KNA,St. Kitts and Nevis,46758,45248
LCA,St. Lucia,179285,158616
MAF,St. Martin (French part),27515,29996
VCT,St. Vincent and the Grenadines,101323,113545
SDN,Sudan,50042791,27816745
SUR,Suriname,628886,476643
SWE,Sweden,10536632,8872109
CHE,Switzerland,8888822,7184250
SYR,Syrian Arab Republic,23594623,16637888
TJK,Tajikistan,10389799,6284735
TZA,Tanzania,66617606,34260139
THA,Thailand,71702435,63007815
TLS,Timor-Leste,1384286,745088
TGO,Togo,9304337,5140037
TON,Tonga,104597,102677
TTO,Trinidad and Tobago,1367510,1319774
TUN,Tunisia,12200431,9764935
TUR,Turkiye,85325965,65425961
TKM,Turkmenistan,7364438,4582677
TCA,Turks and Caicos Islands,46198,18730
TUV,Tuvalu,9816,9544
UGA,Uganda,48656601,24000150
UKR,Ukraine,37732836,49556660
ARE,United Arab Emirates,10483751,3493575
GBR,United Kingdom,68492000,58892514
USA,United States,336806231,282162411
URY,Uruguay,3388081,3266206
UZB,Uzbekistan,35652307,24787054
VUT,Vanuatu,320409,186281
VEN,"Venezuela, RB",28300854,24526708
VNM,Viet Nam,100352192,77154011
VIR,Virgin Islands (U.S.),104917,108642
PSE,West Bank and Gaza,5165775,2922153
YEM,"Yemen, Rep.",39390799,19624141
ZMB,Zambia,20723965,10017631
ZWE,Zimbabwe,16340822,11892055
